# Evidence Log: every load-bearing finding recorded with citation, confidence, and notes.
#
# Column Definitions:
# - timestamp: ISO-8601 UTC (YYYY-MM-DDTHH:MM:SSZ)
# - source_type: api_probe | code | doc | issue | memory
# - citation: source_id from source-register.csv (REQUIRED — must match an existing source_id row)
# - key_finding: One- or two-sentence finding. Specific. State the claim, source it, move on.
# - confidence: high | medium | low
#     * high   = directly observed in a probe transcript or single specific grep hit; reproducible.
#     * medium = synthesized across multiple sources or single authoritative doc claim.
#     * low    = memory claim not re-verified against current state; preserve with caveat.
# - notes: caveats, version constraints, alternative interpretations, deferred sub-questions.
#
# Usage:
#   - Append a row each time a load-bearing finding is established.
#   - The citation column references source-register.csv by source_id (one or more, comma-separated within the field if needed; quote the field).
#   - For api_probe findings: cite source_id of the endpoint AND inline the probe-transcript section reference if applicable.
#
# Validation: Every load-bearing claim in findings.md must trace to a row here (NFR-001).
timestamp,source_type,citation,key_finding,confidence,notes
2026-06-03T23:51:00Z,api_probe,vikunja-api-info,Vikunja server version is v0.24.6; webhooks_enabled=true; caldav_enabled=true; registration_enabled=true,high,observed (probe-transcripts.md Probe 1)
2026-06-03T23:51:00Z,api_probe,vikunja-api-tasks-all,"Task schema confirmed: id (int, immutable), identifier (string, project-scoped e.g. #1), done (bool), done_at (ISO scalar), due_date (ISO), updated (ISO), created_by.username, project_id, repeat_after/repeat_mode, labels (array)",high,observed (probe-transcripts.md Probe 2)
2026-06-03T23:51:00Z,api_probe,vikunja-api-tasks-all,"Pagination headers x-pagination-total-pages and x-pagination-result-count exposed via access-control-expose-headers; 21 undone tasks and 44 done tasks as of probe date",high,observed (probe-transcripts.md Probes 2/5/6)
2026-06-03T23:51:00Z,api_probe,vikunja-api-projects,"14 projects in this Vikunja instance: Inbox(1) Everyday(2) Someday(4) Personal Growth(5) Business Acquisition(6) CT-90day(7) Health(8) Intentional(9) Metal Casework(10) Goals(11) Research(12) Habits(13) Inbox/felix-bot(14). Each has 4 default views with filter fields.",high,observed (probe-transcripts.md Probe 4)
2026-06-03T23:51:00Z,api_probe,vikunja-api-tasks-filter-done-false,Server-side filter done=false is accepted and returns undone tasks (HTTP 200),high,observed (probe-transcripts.md Probe 5)
2026-06-03T23:51:00Z,api_probe,vikunja-api-tasks-filter-done-true,Server-side filter done=true is accepted and returns done tasks (HTTP 200),high,observed (probe-transcripts.md Probe 6)
2026-06-03T23:51:00Z,api_probe,vikunja-api-tasks-filter-due-now,Server-side filter due_date < now accepted; date math with now anchor works (HTTP 200),high,observed (probe-transcripts.md Probe 7)
2026-06-03T23:51:00Z,api_probe,vikunja-api-tasks-filter-project-id,Server-side filter project_id=13 accepted; numeric equality on project_id works (HTTP 200),high,observed (probe-transcripts.md Probe 8)
2026-06-03T23:51:00Z,api_probe,vikunja-api-tasks-filter-done-neq,"Server-side filter done!=false accepted (HTTP 200); single-clause boolean inequality works. G7 class was specific to AND-compound (done=false AND date comparison) — not triggered by simple single-clause filters.",high,observed (probe-transcripts.md Probe 9); G7 fix confirmed in issue #336
2026-06-03T23:51:00Z,api_probe,vikunja-api-tasks-bulk,"No batch-read endpoint: GET /tasks/bulk returns HTTP 400 (parsed as GET /tasks/{id} with id=bulk). Read access must use GET /tasks/all pagination or GET /tasks/{id} per-task.",high,observed (probe-transcripts.md Probe 10)
2026-06-03T23:51:00Z,api_probe,vikunja-api-projects-webhooks,"Webhook endpoint GET /projects/1/webhooks returns HTTP 200 with empty array []. Server supports per-project webhooks (webhooks_enabled=true) but none are configured. Decision locked: polling-only per C-001.",high,observed (probe-transcripts.md Probe 11)
2026-06-03T23:51:00Z,api_probe,vikunja-api-tasks-updated-since,GET /tasks/all?updated_since=<ISO> is accepted and returns only tasks updated after the given timestamp; this is the primary delta-polling mechanism,high,observed (probe-transcripts.md Probe 12); re-verify ordering semantics in implementation
2026-06-03T23:51:00Z,memory,mem-reference-vikunja-id-vs-identifier,"id (integer, globally unique, immutable per task lifetime) is the correct stable identifier for cross-cycle re-identification. identifier (e.g. #1) is project-scoped and suitable only for human-readable UI references in WhatsApp pings.",high,cross-referenced with probe observations (id=1 stable across all probes)
2026-06-03T23:51:00Z,doc,doc-vikunja-task-model-research,"G6: is_archived field rejected by server-side filter (HTTP 400 / error 4019). Workaround: client-side filter. G7: compound AND (due_date<=X AND done=false) rejected. Workaround: enumerate then client-filter. Both fixed in issues #333 and #336.",high,documented in vikunja-task-model-research.md §Appendix G6/G7; fixed workarounds in production scripts
2026-06-03T23:51:00Z,doc,doc-vikunja-task-model-research,"Filter language supports: boolean equality/inequality, numeric comparisons, date math (now/d now-7d), combined AND. Labels filter requires numeric IDs. saved views per project carry filter expressions.",high,documented (vikunja-task-model-research.md §1.4)
2026-06-03T23:51:00Z,code,code-scripts-habits-record-completion,"habits/record_completion.py: three-write transaction — POST /tasks/<id> {done:true} + PUT /tasks/<id>/comments + JSONL append. Idempotent on task_id+date+state. HTTP client: urllib.request.",high,observed (scripts/habits/record_completion.py lines 8-9/214-215/268/277)
2026-06-03T23:51:00Z,code,code-scripts-habits-reconcile-completions,"habits/reconcile_completions.py: reads GET /projects + GET /projects/<id>/tasks; client-side filter (G7 workaround); detects done=true with no JSONL entry and backfills with source=vikunja-ui.",high,observed (scripts/habits/reconcile_completions.py lines 28/140-220)
2026-06-03T23:51:00Z,code,code-scripts-habits-set-due-dates,habits/set_due_dates.py: reads GET /projects + GET /projects/<id>/tasks; writes POST /tasks/{id} with updated due_date. Two URL bases: Tailscale HTTPS in some scripts vs direct IP HTTP in others.,high,observed (scripts/habits/set_due_dates.py lines 28-29/270-380)
2026-06-03T23:51:00Z,code,code-scripts-habits-sweeper,habits/sweeper.py: writes POST /tasks/{id} with due_date update on completion/reschedule events. Vikunja v0.24.6 partial update uses POST not PATCH/PUT.,high,observed (scripts/habits/sweeper.py lines 606-640/616)
2026-06-03T23:51:00Z,code,code-scripts-escalation-record,"escalation/record_completion.py: writes PATCH /tasks/{id} with done=true (for done state) or updated due_date (for rescheduled). Unlike habits, escalation uses PATCH not POST for task updates.",high,observed (scripts/escalation/record_completion.py lines 14-15/451-462)
2026-06-03T23:51:00Z,code,code-scripts-enrichment-record,"enrichment/record_completion.py: writes only PUT /tasks/{id}/comments (enrichment state comment). Does not PATCH task fields — comment-only write-path.",high,observed (scripts/enrichment/record_completion.py lines 11/481-505)
2026-06-03T23:51:00Z,code,code-scripts-security-vikunja-writer,"security/credential_health_check/vikunja_writer.py: reads GET /projects for inbox lookup; writes PUT /projects/{id}/tasks to create alert task. Different base URL pattern (Tailscale HTTPS constant).",high,observed (scripts/security/credential_health_check/vikunja_writer.py lines 19/105-144)
2026-06-03T23:51:00Z,code,code-scripts-signals-types,"Signal pipeline uses LogCursor dataclass (path/inode/byte_offset/mtime) as freshness pointer and SignalExtraction (signal_id/count_cycle/count_rolling/excerpts/last_event_at_utc/new_cursor) as extraction result. Pattern maps to sync architecture reconciliation cycle.",high,observed (scripts/openclaw/observation/signals/types.py lines 18-66)
2026-06-03T23:51:00Z,doc,doc-runbook-doc-auditor-driver-ops,"Doc-auditor driver writes last-tick.json to /data/services/openclaw/felix-doc-auditor-driver/last-tick.json after every tick (success or failure). Shape: {status, timestamp_utc, errors, next_tick_utc, judgment}. Directly reusable as health signal pattern for sync driver.",high,observed (docs/runbooks/doc-auditor-driver-ops.md lines 62-96)
2026-06-03T23:51:00Z,code,code-scripts-habits-schedule-loader,habits/schedule_loader.py is a pure-read config loader (no Vikunja API calls). Returns typed ScheduleEntry dataclasses from YAML. is_active_today() is deterministic. Not directly reusable for sync (entity list is static not dynamic).,high,observed (scripts/habits/schedule_loader.py lines 1-50/175-246)
2026-06-03T23:51:00Z,api_probe,vikunja-api-tasks-all,"habits-history.jsonl live format confirmed: {domain, task_id (int Vikunja id), title, date (for), state, source, note, timestamp (recorded)}. Append-only. Per-domain files under /data/services/openclaw/state/.",high,observed (office2:/data/services/openclaw/state/habits-history.jsonl head -2 on 2026-06-03)
2026-06-03T23:51:00Z,code,"code-scripts-habits-record-completion,code-scripts-escalation-record,code-scripts-enrichment-record","Two Vikunja base URL values in use across production scripts: https://office2.tail0f5f56.ts.net/api/v1 (HTTPS Tailscale) and http://100.92.197.90:3456/api/v1 (direct IP HTTP). Inconsistency is a latent fragility that sync architecture normalization should address.",medium,observed across multiple DEFAULT_BASE_URL constants; no functional impact currently
2026-06-03T23:51:00Z,code,code-scripts-habits-exclude-completed,"habits/exclude_completed.py: legacy v1 helper. Reads GET /tasks/<id>/comments; parses [Felix] YYYY-MM-DD|state comments in-Python. Superseded by JSONL-based approach (ADR-0002 Q5). Active deployment status on cron requires verification against live systemd units on office2.",medium,observed (scripts/habits/exclude_completed.py lines 14/60-97); active status deferred to implementation
2026-06-03T23:51:00Z,code,"code-scripts-habits-identify-workout,code-scripts-habits-migrate-schedule,code-scripts-vikunja-setup-goals,code-scripts-vikunja-revoke-tokens",Four additional files match the broad grep but are tooling-only (identify_workout_task: GET /tasks/<id> read-only helper; migrate_schedule: one-shot migration; setup_goals: provisioning; revoke_tokens: credential rotation). None are on the active sync code path.,low,observed (grep output spot-checked 2026-06-03)
2026-06-03T23:51:00Z,doc,adr-0002,"ADR-0002 Q4 (webhooks vs cron): polling wins; webhooks deferred. Re-evaluation criteria: sub-day reactivity valuable. Currently: webhook infrastructure exists (webhooks_enabled=true) but is unconfigured (GET /projects/1/webhooks → []). Polling is the correct current approach.",high,documented (adr-0002 §Q4); confirmed live (probe-transcripts.md Probe 11)
2026-06-03T23:51:00Z,doc,adr-0002,"ADR-0002 Q3 (history preservation): three-write transaction (done=true + comment + JSONL). JSONL is canonical history; Vikunja comment is UI mirror. Conflict-event log for sync architecture should extend this pattern with explicit event_id and schema_version fields.",high,documented (adr-0002 §Q3/Q5)
2026-06-03T23:51:00Z,memory,"mem-reference-felix-doc-auditor-ops,mem-feedback-signal-driven-doc-audit","All four existing Felix patterns (signal pipeline, doc-auditor driver, schedule_loader+reconcile, habits-history.jsonl) have extend verdict — none require replacement. Sync architecture can be built on existing infrastructure.",high,assessed across all four patterns in rq-5-pattern-fit.md
